,process_uid,malicious,behaviors,vector_0,vector_1,vector_2,vector_3,vector_4,vector_5,vector_6,vector_7,vector_8,vector_9,vector_10,vector_11,vector_12,vector_13,vector_14,vector_15,vector_16,vector_17,vector_18,vector_19,vector_20,vector_21,vector_22,vector_23,vector_24,vector_25,vector_26,vector_27,vector_28,vector_29,vector_30,vector_31,vector_32,vector_33,vector_34,vector_35,vector_36,features,malicious_label
0,obfuscated_1012_4111.txt,TRUE,"['Known Malware' 'Script Execution' 'Hidden Window' 'Compression'
 'Script Logging' 'Obfuscation']",1,0,0,0,0,0,0,0,0,0,0,0,0,0,0,0,0,1,1,1,0,0,0,0,1,0,0,0,0,0,0,0,1,0,0,0,0,"(37,[0,17,18,19,24,32],[1.0,1.0,1.0,1.0,1.0,1.0])",1
1,obfuscated_1022_2692.txt,TRUE,"['Obfuscation' 'Script Execution' 'Benign_exclude' 'Starts Process'
 'Enumeration' 'Known Malware' 'Script Logging' 'Downloader']",1,1,0,0,0,0,0,0,0,0,0,0,0,0,0,1,1,1,0,0,0,0,0,0,1,0,1,0,0,0,0,0,1,0,0,0,0,"(37,[0,1,15,16,17,24,26,32],[1.0,1.0,1.0,1.0,1.0,1.0,1.0,1.0])",1
2,obfuscated_1033_2482.txt,TRUE,['Starts Process' 'Script Logging' 'Downloader'],0,0,0,0,0,0,0,0,0,0,0,0,0,0,0,1,1,0,0,0,0,0,0,0,0,0,0,0,0,0,0,0,1,0,0,0,0,"(37,[15,16,32],[1.0,1.0,1.0])",1
3,obfuscated_1081_2290.txt,TRUE,['Code Injection' 'Byte Usage' 'Known Malware' 'Sleeps' 'Script Logging'],1,0,1,0,0,0,0,0,0,0,0,0,0,0,0,0,0,0,0,0,0,0,1,0,0,0,0,0,0,1,0,0,1,0,0,0,0,"(37,[0,2,22,29,32],[1.0,1.0,1.0,1.0,1.0])",1
4,obfuscated_1099_598.txt,TRUE,"['Code Injection' 'Byte Usage' 'Benign_exclude' 'Known Malware' 'Sleeps'
 'Registry']",1,1,1,0,0,0,0,0,0,0,0,0,0,0,0,0,0,0,0,0,0,0,1,0,0,0,0,1,0,1,0,0,0,0,0,0,0,"(37,[0,1,2,22,27,29],[1.0,1.0,1.0,1.0,1.0,1.0])",1
5,obfuscated_1120_925.txt,TRUE,['Code Injection' 'Byte Usage' 'Known Malware' 'Sleeps' 'Obfuscation'],1,0,1,0,0,0,0,0,0,0,0,0,0,0,0,0,0,0,0,0,0,0,1,0,1,0,0,0,0,1,0,0,0,0,0,0,0,"(37,[0,2,22,24,29],[1.0,1.0,1.0,1.0,1.0])",1
6,obfuscated_1125_1876.txt,TRUE,"['Known Malware' 'Script Execution' 'Starts Process' 'Hidden Window'
 'Compression' 'Obfuscation']",1,0,0,0,0,0,0,0,0,0,0,0,0,0,0,0,1,1,1,1,0,0,0,0,1,0,0,0,0,0,0,0,0,0,0,0,0,"(37,[0,16,17,18,19,24],[1.0,1.0,1.0,1.0,1.0,1.0])",1
7,obfuscated_1014_1579.txt,TRUE,"['Code Injection' 'Byte Usage' 'Script Execution' 'Enumeration'
 'Obfuscation']",0,0,1,0,0,0,0,0,0,0,0,0,0,0,0,0,0,1,0,0,0,0,0,0,1,0,1,0,0,1,0,0,0,0,0,0,0,"(37,[2,17,24,26,29],[1.0,1.0,1.0,1.0,1.0])",1
8,obfuscated_1021_192.txt,TRUE,['Starts Process' 'Obfuscation' 'Downloader' 'Known Malware'],1,0,0,0,0,0,0,0,0,0,0,0,0,0,0,1,1,0,0,0,0,0,0,0,1,0,0,0,0,0,0,0,0,0,0,0,0,"(37,[0,15,16,24],[1.0,1.0,1.0,1.0])",1
9,obfuscated_1041_1553.txt,TRUE,['Starts Process' 'Script Logging' 'Downloader'],0,0,0,0,0,0,0,0,0,0,0,0,0,0,0,1,1,0,0,0,0,0,0,0,0,0,0,0,0,0,0,0,1,0,0,0,0,"(37,[15,16,32],[1.0,1.0,1.0])",1
10,obfuscated_1049_2360.txt,TRUE,['Script Logging' 'Enumeration'],0,0,0,0,0,0,0,0,0,0,0,0,0,0,0,0,0,0,0,0,0,0,0,0,0,0,1,0,0,0,0,0,1,0,0,0,0,"(37,[26,32],[1.0,1.0])",1
11,obfuscated_1051_1300.txt,TRUE,['Code Injection' 'Sleeps' 'Byte Usage' 'Known Malware'],1,0,1,0,0,0,0,0,0,0,0,0,0,0,0,0,0,0,0,0,0,0,1,0,0,0,0,0,0,1,0,0,0,0,0,0,0,"(37,[0,2,22,29],[1.0,1.0,1.0,1.0])",1
12,obfuscated_1063_361.txt,TRUE,['Code Injection' 'Sleeps' 'Byte Usage'],0,0,1,0,0,0,0,0,0,0,0,0,0,0,0,0,0,0,0,0,0,0,1,0,0,0,0,0,0,1,0,0,0,0,0,0,0,"(37,[2,22,29],[1.0,1.0,1.0])",1
13,obfuscated_1118_792.txt,TRUE,"['Benign_exclude' 'Starts Process' 'Enumeration' 'Sleeps' 'Registry'
 'Script Logging' 'Downloader']",0,1,0,0,0,0,0,0,0,0,0,0,0,0,0,1,1,0,0,0,0,0,1,0,0,0,1,1,0,0,0,0,1,0,0,0,0,"(37,[1,15,16,22,26,27,32],[1.0,1.0,1.0,1.0,1.0,1.0,1.0])",1
14,obfuscated_1130_2631.txt,TRUE,"['Starts Process' 'Hidden Window' 'Enumeration' 'Script Logging'
 'Downloader']",0,0,0,0,0,0,0,0,0,0,0,0,0,0,0,1,1,0,0,1,0,0,0,0,0,0,1,0,0,0,0,0,1,0,0,0,0,"(37,[15,16,19,26,32],[1.0,1.0,1.0,1.0,1.0])",1
15,obfuscated_1046_1830.txt,TRUE,['Starts Process' 'Downloader' 'Enumeration'],0,0,0,0,0,0,0,0,0,0,0,0,0,0,0,1,1,0,0,0,0,0,0,0,0,0,1,0,0,0,0,0,0,0,0,0,0,"(37,[15,16,26],[1.0,1.0,1.0])",1
16,obfuscated_1077_4372.txt,TRUE,['Starts Process' 'Downloader'],0,0,0,0,0,0,0,0,0,0,0,0,0,0,0,1,1,0,0,0,0,0,0,0,0,0,0,0,0,0,0,0,0,0,0,0,0,"(37,[15,16],[1.0,1.0])",1
17,obfuscated_1079_1385.txt,TRUE,"['Known Malware' 'Starts Process' 'Enumeration' 'Sleeps' 'Script Logging'
 'Downloader']",1,0,0,0,0,0,0,0,0,0,0,0,0,0,0,1,1,0,0,0,0,0,1,0,1,0,1,0,0,0,0,0,1,0,0,0,0,"(37,[0,15,16,22,24,26,32],[1.0,1.0,1.0,1.0,1.0,1.0,1.0])",1
18,obfuscated_1087_3038.txt,TRUE,['Code Injection' 'Byte Usage' 'Known Malware' 'Sleeps' 'Script Logging'],1,0,1,0,0,0,0,0,0,0,0,0,0,0,0,0,0,0,0,0,0,0,1,0,0,0,0,0,0,1,0,0,1,0,0,0,0,"(37,[0,2,22,29,32],[1.0,1.0,1.0,1.0,1.0])",1
19,obfuscated_1093_3027.txt,TRUE,['Sleeps' 'Byte Usage' 'Obfuscation'],0,0,0,0,0,0,0,0,0,0,0,0,0,0,0,0,0,0,0,0,0,0,1,0,1,0,0,0,0,1,0,0,0,0,0,0,0,"(37,[22,24,29],[1.0,1.0,1.0])",1
20,obfuscated_1107_1350.txt,TRUE,"['Code Injection' 'Byte Usage' 'Script Execution' 'Starts Process'
 'Hidden Window' 'Compression' 'Enumeration' 'Negative Context'
 'Obfuscation']",0,0,1,0,0,0,0,0,0,0,0,0,0,0,1,0,1,1,1,1,0,0,0,0,1,0,1,0,0,1,0,0,0,0,0,0,0,"(37,[2,14,16,17,18,19,24,26,29],[1.0,1.0,1.0,1.0,1.0,1.0,1.0,1.0,1.0])",1
21,obfuscated_1011_188.txt,TRUE,['Starts Process' 'Script Logging' 'Downloader'],0,0,0,0,0,0,0,0,0,0,0,0,0,0,0,1,1,0,0,0,0,0,0,0,0,0,0,0,0,0,0,0,1,0,0,0,0,"(37,[15,16,32],[1.0,1.0,1.0])",1
22,obfuscated_1037_865.txt,TRUE,['Starts Process' 'Downloader'],0,0,0,0,0,0,0,0,0,0,0,0,0,0,0,1,1,0,0,0,0,0,0,0,0,0,0,0,0,0,0,0,0,0,0,0,0,"(37,[15,16],[1.0,1.0])",1
23,obfuscated_104_1669.txt,TRUE,"['Script Execution' 'Custom Web Fields' 'Known Malware' 'Downloader'
 'AMSI Bypass' 'Obfuscation']",1,0,0,0,0,0,1,0,0,0,0,0,0,0,0,1,0,1,0,0,1,0,0,0,1,0,0,0,0,0,0,0,0,0,0,0,0,"(37,[0,6,15,17,20,24],[1.0,1.0,1.0,1.0,1.0,1.0])",1
24,obfuscated_1088_772.txt,TRUE,['Code Injection' 'Byte Usage' 'Sleeps' 'Script Logging' 'Obfuscation'],0,0,1,0,0,0,0,0,0,0,0,0,0,0,0,0,0,0,0,0,0,0,1,0,1,0,0,0,0,1,0,0,1,0,0,0,0,"(37,[2,22,24,29,32],[1.0,1.0,1.0,1.0,1.0])",1
25,obfuscated_111_1886.txt,TRUE,['Starts Process' 'Negative Context' 'Hidden Window' 'Downloader'],0,0,0,0,0,0,0,0,0,0,0,0,0,0,1,1,1,0,0,1,0,0,0,0,0,0,0,0,0,0,0,0,0,0,0,0,0,"(37,[14,15,16,19],[1.0,1.0,1.0,1.0])",1
26,obfuscated_1160_1262.txt,FALSE,[],0,0,0,0,0,0,0,0,0,0,0,0,0,0,0,0,0,0,0,0,0,0,0,0,0,0,0,0,0,0,0,0,0,0,0,0,0,"(37,[],[])",0
27,obfuscated_1015_3505.txt,TRUE,['Code Injection' 'Sleeps' 'Byte Usage' 'Known Malware'],1,0,1,0,0,0,0,0,0,0,0,0,0,0,0,0,0,0,0,0,0,0,1,0,0,0,0,0,0,1,0,0,0,0,0,0,0,"(37,[0,2,22,29],[1.0,1.0,1.0,1.0])",1
28,obfuscated_1020_3243.txt,TRUE,['Starts Process' 'Downloader'],0,0,0,0,0,0,0,0,0,0,0,0,0,0,0,1,1,0,0,0,0,0,0,0,0,0,0,0,0,0,0,0,0,0,0,0,0,"(37,[15,16],[1.0,1.0])",1
29,obfuscated_109_2001.txt,TRUE,['Starts Process' 'Script Logging' 'Downloader'],0,0,0,0,0,0,0,0,0,0,0,0,0,0,0,1,1,0,0,0,0,0,0,0,0,0,0,0,0,0,0,0,1,0,0,0,0,"(37,[15,16,32],[1.0,1.0,1.0])",1
30,obfuscated_112_474.txt,TRUE,"['Script Execution' 'Benign_exclude' 'Starts Process' 'Enumeration'
 'Registry' 'Script Logging' 'Downloader' 'Obfuscation']",0,1,0,0,0,0,0,0,0,0,0,0,0,0,0,1,1,1,0,0,0,0,0,0,1,0,1,1,0,0,0,0,1,0,0,0,0,"(37,[1,15,16,17,24,26,27,32],[1.0,1.0,1.0,1.0,1.0,1.0,1.0,1.0])",1
31,obfuscated_1134_1517.txt,TRUE,['Code Injection' 'Byte Usage' 'Sleeps' 'Known Malware' 'Obfuscation'],1,0,1,0,0,0,0,0,0,0,0,0,0,0,0,0,0,0,0,0,0,0,1,0,1,0,0,0,0,1,0,0,0,0,0,0,0,"(37,[0,2,22,24,29],[1.0,1.0,1.0,1.0,1.0])",1
32,obfuscated_1140_3006.txt,TRUE,['Starts Process' 'Downloader'],0,0,0,0,0,0,0,0,0,0,0,0,0,0,0,1,1,0,0,0,0,0,0,0,0,0,0,0,0,0,0,0,0,0,0,0,0,"(37,[15,16],[1.0,1.0])",1
33,obfuscated_1016_495.txt,TRUE,['Code Injection' 'Byte Usage' 'Known Malware' 'Enumeration' 'Sleeps'],1,0,1,0,0,0,0,0,0,0,0,0,0,0,0,0,0,0,0,0,0,0,1,0,0,0,1,0,0,1,0,0,0,0,0,0,0,"(37,[0,2,22,26,29],[1.0,1.0,1.0,1.0,1.0])",1
34,obfuscated_103_1731.txt,TRUE,['Byte Usage' 'Known Malware'],1,0,0,0,0,0,0,0,0,0,0,0,0,0,0,0,0,0,0,0,0,0,0,0,0,0,0,0,0,1,0,0,0,0,0,0,0,"(37,[0,29],[1.0,1.0])",1
35,obfuscated_1054_2208.txt,TRUE,['Starts Process' 'Script Logging' 'Downloader'],0,0,0,0,0,0,0,0,0,0,0,0,0,0,0,1,1,0,0,0,0,0,0,0,0,0,0,0,0,0,0,0,1,0,0,0,0,"(37,[15,16,32],[1.0,1.0,1.0])",1
36,obfuscated_1080_105.txt,TRUE,"['Custom Web Fields' 'Enumeration' 'Known Malware' 'Script Logging'
 'Downloader']",1,0,0,0,0,0,0,0,0,0,0,0,0,0,0,1,0,0,0,0,1,0,0,0,0,0,1,0,0,0,0,0,1,0,0,0,0,"(37,[0,15,20,26,32],[1.0,1.0,1.0,1.0,1.0])",1
37,obfuscated_1096_3142.txt,TRUE,['Code Injection' 'Byte Usage' 'Known Malware' 'Sleeps' 'Obfuscation'],1,0,1,0,0,0,0,0,0,0,0,0,0,0,0,0,0,0,0,0,0,0,1,0,1,0,0,0,0,1,0,0,0,0,0,0,0,"(37,[0,2,22,24,29],[1.0,1.0,1.0,1.0,1.0])",1
38,obfuscated_1038_1900.txt,TRUE,"['Code Injection' 'Byte Usage' 'Script Execution' 'Known Malware'
 'Enumeration' 'Compression' 'Sleeps']",1,0,1,0,0,0,0,0,0,0,0,0,0,0,0,0,0,1,1,0,0,0,1,0,0,0,1,0,0,1,0,0,0,0,0,0,0,"(37,[0,2,17,18,22,26,29],[1.0,1.0,1.0,1.0,1.0,1.0,1.0])",1
39,obfuscated_1053_548.txt,TRUE,['Code Injection' 'Sleeps' 'Byte Usage' 'Obfuscation'],0,0,1,0,0,0,0,0,0,0,0,0,0,0,0,0,0,0,0,0,0,0,1,0,1,0,0,0,0,1,0,0,0,0,0,0,0,"(37,[2,22,24,29],[1.0,1.0,1.0,1.0])",1
40,obfuscated_1066_390.txt,TRUE,"['Known Malware' 'Script Execution' 'Starts Process' 'Downloader'
 'Obfuscation']",1,0,0,0,0,0,0,0,0,0,0,0,0,0,0,1,1,1,0,0,0,0,0,0,1,0,0,0,0,0,0,0,0,0,0,0,0,"(37,[0,15,16,17,24],[1.0,1.0,1.0,1.0,1.0])",1
41,obfuscated_1067_3545.txt,TRUE,['Starts Process' 'Script Execution' 'Downloader' 'Known Malware'],1,0,0,0,0,0,0,0,0,0,0,0,0,0,0,1,1,1,0,0,0,0,0,0,1,0,0,0,0,0,0,0,0,0,0,0,0,"(37,[0,15,16,17,24],[1.0,1.0,1.0,1.0,1.0])",1
42,obfuscated_1086_1479.txt,TRUE,['Known Malware' 'Byte Usage' 'Sleeps'],1,0,0,0,0,0,0,0,0,0,0,0,0,0,0,0,0,0,0,0,0,0,1,0,1,0,0,0,0,1,0,0,0,0,0,0,0,"(37,[0,22,24,29],[1.0,1.0,1.0,1.0])",1
43,obfuscated_1094_2058.txt,TRUE,['Code Injection' 'Sleeps' 'Byte Usage' 'Known Malware'],1,0,1,0,0,0,0,0,0,0,0,0,0,0,0,0,0,0,0,0,0,0,1,0,0,0,0,0,0,1,0,0,0,0,0,0,0,"(37,[0,2,22,29],[1.0,1.0,1.0,1.0])",1
44,obfuscated_1123_1828.txt,TRUE,['Code Injection' 'Byte Usage' 'Known Malware' 'Sleeps' 'Obfuscation'],1,0,1,0,0,0,0,0,0,0,0,0,0,0,0,0,0,0,0,0,0,0,1,0,1,0,0,0,0,1,0,0,0,0,0,0,0,"(37,[0,2,22,24,29],[1.0,1.0,1.0,1.0,1.0])",1
45,obfuscated_1137_1789.txt,TRUE,['Code Injection' 'Sleeps' 'Byte Usage'],0,0,1,0,0,0,0,0,0,0,0,0,0,0,0,0,0,0,0,0,0,0,1,0,0,0,0,0,0,1,0,0,0,0,0,0,0,"(37,[2,22,29],[1.0,1.0,1.0])",1
46,obfuscated_1150_147.txt,TRUE,['Starts Process' 'Script Logging' 'Downloader' 'Enumeration'],0,0,0,0,0,0,0,0,0,0,0,0,0,0,0,1,1,0,0,0,0,0,0,0,0,0,1,0,0,0,0,0,1,0,0,0,0,"(37,[15,16,26,32],[1.0,1.0,1.0,1.0])",1
47,obfuscated_1055_2574.txt,TRUE,['Starts Process' 'Downloader' 'Enumeration'],0,0,0,0,0,0,0,0,0,0,0,0,0,0,0,1,1,0,0,0,0,0,0,0,0,0,1,0,0,0,0,0,0,0,0,0,0,"(37,[15,16,26],[1.0,1.0,1.0])",1
48,obfuscated_1089_133.txt,TRUE,"['Code Injection' 'Obfuscation' 'Byte Usage' 'Known Malware' 'Enumeration'
 'Sleeps' 'Script Logging']",1,0,1,0,0,0,0,0,0,0,0,0,0,0,0,0,0,0,0,0,0,0,1,0,1,0,1,0,0,1,0,0,1,0,0,0,0,"(37,[0,2,22,24,26,29,32],[1.0,1.0,1.0,1.0,1.0,1.0,1.0])",1
49,obfuscated_1110_1126.txt,TRUE,['Custom Web Fields' 'Known Malware' 'Downloader' 'Obfuscation'],1,0,0,0,0,0,0,0,0,0,0,0,0,0,0,1,0,0,0,0,1,0,0,0,1,0,0,0,0,0,0,0,0,0,0,0,0,"(37,[0,15,20,24],[1.0,1.0,1.0,1.0])",1
50,obfuscated_1112_3.txt,TRUE,['Starts Process' 'Downloader' 'Known Malware'],1,0,0,0,0,0,0,0,0,0,0,0,0,0,0,1,1,0,0,0,0,0,0,0,1,0,0,0,0,0,0,0,0,0,0,0,0,"(37,[0,15,16,24],[1.0,1.0,1.0,1.0])",1
51,obfuscated_1061_955.txt,TRUE,['Code Injection' 'Sleeps' 'Byte Usage'],0,0,1,0,0,0,0,0,0,0,0,0,0,0,0,0,0,0,0,0,0,0,1,0,0,0,0,0,0,1,0,0,0,0,0,0,0,"(37,[2,22,29],[1.0,1.0,1.0])",1
52,obfuscated_1102_1.txt,TRUE,"['Known Malware' 'Script Execution' 'Enumeration' 'Script Logging'
 'Downloader' 'Obfuscation']",1,0,0,0,0,0,0,0,0,0,0,0,0,0,0,1,0,1,0,0,0,0,0,0,1,0,1,0,0,0,0,0,1,0,0,0,0,"(37,[0,15,17,24,26,32],[1.0,1.0,1.0,1.0,1.0,1.0])",1
53,obfuscated_110_4098.txt,TRUE,"['Code Injection' 'Byte Usage' 'Script Execution' 'Known Malware' 'Sleeps'
 'Script Logging']",1,0,1,0,0,0,0,0,0,0,0,0,0,0,0,0,0,1,0,0,0,0,1,0,0,0,0,0,0,1,0,0,1,0,0,0,0,"(37,[0,2,17,22,29,32],[1.0,1.0,1.0,1.0,1.0,1.0])",1
54,obfuscated_1141_3956.txt,TRUE,['Downloader'],0,0,0,0,0,0,0,0,0,0,0,0,0,0,0,1,0,0,0,0,0,0,0,0,0,0,0,0,0,0,0,0,0,0,0,0,0,"(37,[15],[1.0])",1
55,obfuscated_1156_1468.txt,TRUE,['Code Injection' 'Byte Usage' 'Known Malware' 'Sleeps' 'Obfuscation'],1,0,1,0,0,0,0,0,0,0,0,0,0,0,0,0,0,0,0,0,0,0,1,0,1,0,0,0,0,1,0,0,0,0,0,0,0,"(37,[0,2,22,24,29],[1.0,1.0,1.0,1.0,1.0])",1
56,obfuscated_1159_714.txt,TRUE,['Starts Process' 'Compression'],0,0,0,0,0,0,0,0,0,0,0,0,0,0,0,0,1,0,1,0,0,0,0,0,0,0,0,0,0,0,0,0,0,0,0,0,0,"(37,[16,18],[1.0,1.0])",1
57,obfuscated_1058_614.txt,TRUE,"['Code Injection' 'Byte Usage' 'Script Execution' 'Sleeps'
 'Positive Context' 'Downloader']",0,0,1,0,0,0,0,0,0,0,0,0,0,0,0,1,0,1,0,0,0,0,1,0,0,0,0,0,0,1,0,0,0,0,0,1,0,"(37,[2,15,17,22,29,35],[1.0,1.0,1.0,1.0,1.0,1.0])",1
58,obfuscated_1062_1140.txt,TRUE,"['Code Injection' 'Known Malware' 'Byte Usage' 'Script Execution'
 'Enumeration' 'Sleeps' 'Registry' 'Script Logging']",1,0,1,0,0,0,0,0,0,0,0,0,0,0,0,0,0,1,0,0,0,0,1,0,1,0,1,1,0,1,0,0,1,0,0,0,0,"(37,[0,2,17,22,24,26,27,29,32],[1.0,1.0,1.0,1.0,1.0,1.0,1.0,1.0,1.0])",1
59,obfuscated_1074_4382.txt,TRUE,['Starts Process' 'Downloader' 'Known Malware'],1,0,0,0,0,0,0,0,0,0,0,0,0,0,0,1,1,0,0,0,0,0,0,0,1,0,0,0,0,0,0,0,0,0,0,0,0,"(37,[0,15,16,24],[1.0,1.0,1.0,1.0])",1
60,obfuscated_1139_4324.txt,TRUE,['Code Injection' 'Byte Usage' 'Known Malware' 'Sleeps' 'Script Logging'],1,0,1,0,0,0,0,0,0,0,0,0,0,0,0,0,0,0,0,0,0,0,1,0,0,0,0,0,0,1,0,0,1,0,0,0,0,"(37,[0,2,22,29,32],[1.0,1.0,1.0,1.0,1.0])",1
61,obfuscated_1040_3419.txt,TRUE,['Starts Process' 'Obfuscation' 'Downloader' 'Benign_exclude'],0,1,0,0,0,0,0,0,0,0,0,0,0,0,0,1,1,0,0,0,0,0,0,0,1,0,0,0,0,0,0,0,0,0,0,0,0,"(37,[1,15,16,24],[1.0,1.0,1.0,1.0])",1
62,obfuscated_1103_483.txt,TRUE,"['Starts Process' 'Hidden Window' 'Script Logging' 'Downloader'
 'Negative Context']",0,0,0,0,0,0,0,0,0,0,0,0,0,0,1,1,1,0,0,1,0,0,0,0,0,0,0,0,0,0,0,0,1,0,0,0,0,"(37,[14,15,16,19,32],[1.0,1.0,1.0,1.0,1.0])",1
63,obfuscated_1131_2279.txt,TRUE,['Code Injection' 'Sleeps' 'Byte Usage' 'Obfuscation'],0,0,1,0,0,0,0,0,0,0,0,0,0,0,0,0,0,0,0,0,0,0,1,0,1,0,0,0,0,1,0,0,0,0,0,0,0,"(37,[2,22,24,29],[1.0,1.0,1.0,1.0])",1
64,obfuscated_1147_2166.txt,TRUE,['Code Injection' 'Sleeps' 'Byte Usage' 'Known Malware'],1,0,1,0,0,0,0,0,0,0,0,0,0,0,0,0,0,0,0,0,0,0,1,0,1,0,0,0,0,1,0,0,0,0,0,0,0,"(37,[0,2,22,24,29],[1.0,1.0,1.0,1.0,1.0])",1
65,obfuscated_1023_4407.txt,TRUE,['Starts Process' 'Downloader'],0,0,0,0,0,0,0,0,0,0,0,0,0,0,0,1,1,0,0,0,0,0,0,0,0,0,0,0,0,0,0,0,0,0,0,0,0,"(37,[15,16],[1.0,1.0])",1
66,obfuscated_1026_828.txt,TRUE,['Code Injection' 'Sleeps' 'Byte Usage' 'Obfuscation'],0,0,1,0,0,0,0,0,0,0,0,0,0,0,0,0,0,0,0,0,0,0,1,0,1,0,0,0,0,1,0,0,0,0,0,0,0,"(37,[2,22,24,29],[1.0,1.0,1.0,1.0])",1
67,obfuscated_1106_3721.txt,TRUE,['Code Injection' 'Known Malware' 'Byte Usage' 'Sleeps' 'Obfuscation'],1,0,1,0,0,0,0,0,0,0,0,0,0,0,0,0,0,0,0,0,0,0,1,0,1,0,0,0,0,1,0,0,0,0,0,0,0,"(37,[0,2,22,24,29],[1.0,1.0,1.0,1.0,1.0])",1
68,obfuscated_1109_704.txt,TRUE,['Starts Process' 'Script Logging' 'Downloader'],0,0,0,0,0,0,0,0,0,0,0,0,0,0,0,1,1,0,0,0,0,0,0,0,0,0,0,0,0,0,0,0,1,0,0,0,0,"(37,[15,16,32],[1.0,1.0,1.0])",1
69,obfuscated_1115_4240.txt,TRUE,"['Code Injection' 'Byte Usage' 'Script Execution' 'Starts Process'
 'Enumeration' 'Sleeps' 'Registry' 'Script Logging']",0,0,1,0,0,0,0,0,0,0,0,0,0,0,0,0,1,1,0,0,0,0,1,0,0,0,1,1,0,1,0,0,1,0,0,0,0,"(37,[2,16,17,22,26,27,29,32],[1.0,1.0,1.0,1.0,1.0,1.0,1.0,1.0])",1
70,obfuscated_1032_2986.txt,TRUE,"['Code Injection' 'Byte Usage' 'Script Execution' 'Known Malware'
 'Enumeration' 'Sleeps']",1,0,1,0,0,0,0,0,0,0,0,0,0,0,0,0,0,1,0,0,0,0,1,0,0,0,1,0,0,1,0,0,0,0,0,0,0,"(37,[0,2,17,22,26,29],[1.0,1.0,1.0,1.0,1.0,1.0])",1
71,obfuscated_1108_1684.txt,TRUE,['Code Injection' 'Sleeps' 'Byte Usage' 'Enumeration'],0,0,1,0,0,0,0,0,0,0,0,0,0,0,0,0,0,0,0,0,0,0,1,0,0,0,1,0,0,1,0,0,0,0,0,0,0,"(37,[2,22,26,29],[1.0,1.0,1.0,1.0])",1
72,obfuscated_1122_2496.txt,TRUE,"['Script Execution' 'Starts Process' 'Enumeration'
 'Malicious Behavior Combo' 'Downloader']",0,0,0,0,0,0,0,0,0,0,0,0,0,0,0,1,1,1,0,0,0,0,0,0,0,0,1,0,0,0,0,0,0,0,0,0,0,"(37,[15,16,17,26],[1.0,1.0,1.0,1.0])",1
73,obfuscated_1126_93.txt,TRUE,"['Code Injection' 'Known Malware' 'Byte Usage' 'One Liner' 'Sleeps'
 'Obfuscation']",1,0,1,0,0,0,0,0,0,0,0,0,0,0,0,0,0,0,0,0,0,0,1,0,1,0,0,0,0,1,0,0,0,0,0,0,0,"(37,[0,2,22,24,29],[1.0,1.0,1.0,1.0,1.0])",1
74,obfuscated_1128_3134.txt,TRUE,['Script Execution' 'Script Logging' 'Downloader'],0,0,0,0,0,0,0,0,0,0,0,0,0,0,0,1,0,1,0,0,0,0,0,0,0,0,0,0,0,0,0,0,1,0,0,0,0,"(37,[15,17,32],[1.0,1.0,1.0])",1
75,obfuscated_1136_2866.txt,TRUE,"['Code Injection' 'Obfuscation' 'Byte Usage' 'Known Malware' 'Enumeration'
 'Sleeps']",1,0,1,0,0,0,0,0,0,0,0,0,0,0,0,0,0,0,0,0,0,0,1,0,1,0,1,0,0,1,0,0,0,0,0,0,0,"(37,[0,2,22,24,26,29],[1.0,1.0,1.0,1.0,1.0,1.0])",1
76,obfuscated_1138_2054.txt,TRUE,['Code Injection' 'Byte Usage' 'Known Malware' 'Sleeps' 'Script Logging'],1,0,1,0,0,0,0,0,0,0,0,0,0,0,0,0,0,0,0,0,0,0,1,0,0,0,0,0,0,1,0,0,1,0,0,0,0,"(37,[0,2,22,29,32],[1.0,1.0,1.0,1.0,1.0])",1
77,obfuscated_1155_3705.txt,TRUE,['Starts Process' 'Negative Context' 'Hidden Window' 'Downloader'],0,0,0,0,0,0,0,0,0,0,0,0,0,0,1,1,1,0,0,1,0,0,0,0,0,0,0,0,0,0,0,0,0,0,0,0,0,"(37,[14,15,16,19],[1.0,1.0,1.0,1.0])",1
78,obfuscated_1025_2298.txt,TRUE,['Code Injection' 'Byte Usage' 'Known Malware' 'Starts Process' 'Sleeps'],1,0,1,0,0,0,0,0,0,0,0,0,0,0,0,0,1,0,0,0,0,0,1,0,0,0,0,0,0,1,0,0,0,0,0,0,0,"(37,[0,2,16,22,29],[1.0,1.0,1.0,1.0,1.0])",1
79,obfuscated_1045_4457.txt,TRUE,['Code Injection' 'Byte Usage' 'Script Execution' 'Known Malware' 'Sleeps'],1,0,1,0,0,0,0,0,0,0,0,0,0,0,0,0,0,1,0,0,0,0,1,0,0,0,0,0,0,1,0,0,0,0,0,0,0,"(37,[0,2,17,22,29],[1.0,1.0,1.0,1.0,1.0])",1
80,obfuscated_1075_1739.txt,TRUE,['Starts Process' 'Script Execution' 'Downloader'],0,0,0,0,0,0,0,0,0,0,0,0,0,0,0,1,1,1,0,0,0,0,0,0,0,0,0,0,0,0,0,0,0,0,0,0,0,"(37,[15,16,17],[1.0,1.0,1.0])",1
81,obfuscated_1104_2976.txt,TRUE,['Obfuscation' 'Starts Process' 'Enumeration' 'Downloader'],0,0,0,0,0,0,0,0,0,0,0,0,0,0,0,1,1,0,0,0,0,0,0,0,1,0,1,0,0,0,0,0,0,0,0,0,0,"(37,[15,16,24,26],[1.0,1.0,1.0,1.0])",1
82,obfuscated_1117_183.txt,TRUE,['Code Injection' 'Byte Usage' 'Sleeps' 'Script Logging' 'Obfuscation'],0,0,1,0,0,0,0,0,0,0,0,0,0,0,0,0,0,0,0,0,0,0,1,0,1,0,0,0,0,1,0,0,1,0,0,0,0,"(37,[2,22,24,29,32],[1.0,1.0,1.0,1.0,1.0])",1
83,obfuscated_1144_712.txt,TRUE,['Code Injection' 'Known Malware' 'Byte Usage' 'Sleeps' 'Obfuscation'],1,0,1,0,0,0,0,0,0,0,0,0,0,0,0,0,0,0,0,0,0,0,1,0,1,0,0,0,0,1,0,0,0,0,0,0,0,"(37,[0,2,22,24,29],[1.0,1.0,1.0,1.0,1.0])",1
84,obfuscated_1151_33.txt,TRUE,['Starts Process' 'Script Logging' 'Downloader' 'Enumeration'],0,0,0,0,0,0,0,0,0,0,0,0,0,0,0,1,1,0,0,0,0,0,0,0,0,0,1,0,0,0,0,0,1,0,0,0,0,"(37,[15,16,26,32],[1.0,1.0,1.0,1.0])",1
85,obfuscated_1013_892.txt,TRUE,['Custom Web Fields' 'Known Malware' 'Downloader' 'Obfuscation'],1,0,0,0,0,0,0,0,0,0,0,0,0,0,0,1,0,0,0,0,1,0,0,0,1,0,0,0,0,0,0,0,0,0,0,0,0,"(37,[0,15,20,24],[1.0,1.0,1.0,1.0])",1
86,obfuscated_101_1871.txt,TRUE,"['Code Injection' 'Known Malware' 'Byte Usage' 'Script Execution'
 'Enumeration' 'Script Logging' 'Obfuscation']",1,0,1,0,0,0,0,0,0,0,0,0,0,0,0,0,0,1,0,0,0,0,0,0,1,0,1,0,0,1,0,0,1,0,0,0,0,"(37,[0,2,17,24,26,29,32],[1.0,1.0,1.0,1.0,1.0,1.0,1.0])",1
87,obfuscated_1042_2514.txt,TRUE,"['Code Injection' 'Byte Usage' 'Script Execution' 'Enumeration' 'Sleeps'
 'Known Malware']",1,0,1,0,0,0,0,0,0,0,0,0,0,0,0,0,0,1,0,0,0,0,1,0,0,0,1,0,0,1,0,0,0,0,0,0,0,"(37,[0,2,17,22,26,29],[1.0,1.0,1.0,1.0,1.0,1.0])",1
88,obfuscated_1052_2395.txt,TRUE,"['Script Execution' 'Starts Process' 'Enumeration' 'Script Logging'
 'Downloader']",0,0,0,0,0,0,0,0,0,0,0,0,0,0,0,1,1,1,0,0,0,0,0,0,0,0,1,0,0,0,0,0,1,0,0,0,0,"(37,[15,16,17,26,32],[1.0,1.0,1.0,1.0,1.0])",1
89,obfuscated_106_1469.txt,TRUE,['Starts Process' 'Script Execution' 'Script Logging' 'Downloader'],0,0,0,0,0,0,0,0,0,0,0,0,0,0,0,1,1,1,0,0,0,0,0,0,0,0,0,0,0,0,0,0,1,0,0,0,0,"(37,[15,16,17,32],[1.0,1.0,1.0,1.0])",1
90,obfuscated_1105_533.txt,TRUE,['Code Injection' 'Sleeps' 'Script Logging' 'Known Malware'],1,0,1,0,0,0,0,0,0,0,0,0,0,0,0,0,0,0,0,0,0,0,1,0,0,0,0,0,0,0,0,0,1,0,0,0,0,"(37,[0,2,22,32],[1.0,1.0,1.0,1.0])",1
91,obfuscated_1143_2881.txt,TRUE,"['Code Injection' 'Byte Usage' 'Known Malware' 'Sleeps' 'Script Logging'
 'Downloader']",1,0,1,0,0,0,0,0,0,0,0,0,0,0,0,1,0,0,0,0,0,0,1,0,0,0,0,0,0,1,0,0,1,0,0,0,0,"(37,[0,2,15,22,29,32],[1.0,1.0,1.0,1.0,1.0,1.0])",1
92,obfuscated_1157_997.txt,TRUE,"['Code Injection' 'Known Malware' 'Byte Usage' 'Benign_exclude' 'Sleeps'
 'Script Logging' 'Downloader']",1,1,1,0,0,0,0,0,0,0,0,0,0,0,0,1,0,0,0,0,0,0,1,0,1,0,0,0,0,1,0,0,1,0,0,0,0,"(37,[0,1,2,15,22,24,29,32],[1.0,1.0,1.0,1.0,1.0,1.0,1.0,1.0])",1
93,obfuscated_1018_78.txt,TRUE,"['Known Malware' 'Starts Process' 'Enumeration' 'Script Logging'
 'Downloader']",1,0,0,0,0,0,0,0,0,0,0,0,0,0,0,1,1,0,0,0,0,0,0,0,1,0,1,0,0,0,0,0,1,0,0,0,0,"(37,[0,15,16,24,26,32],[1.0,1.0,1.0,1.0,1.0,1.0])",1
94,obfuscated_1060_4084.txt,TRUE,"['Code Injection' 'Byte Usage' 'Script Execution' 'Known Malware' 'Sleeps'
 'Script Logging']",1,0,1,0,0,0,0,0,0,0,0,0,0,0,0,0,0,1,0,0,0,0,1,0,0,0,0,0,0,1,0,0,1,0,0,0,0,"(37,[0,2,17,22,29,32],[1.0,1.0,1.0,1.0,1.0,1.0])",1
95,obfuscated_1047_3599.txt,TRUE,['Code Injection' 'Sleeps' 'Byte Usage' 'Known Malware'],1,0,1,0,0,0,0,0,0,0,0,0,0,0,0,0,0,0,0,0,0,0,1,0,0,0,0,0,0,1,0,0,0,0,0,0,0,"(37,[0,2,22,29],[1.0,1.0,1.0,1.0])",1
96,obfuscated_1101_2239.txt,TRUE,"['Code Injection' 'Byte Usage' 'Known Malware' 'Enumeration' 'Sleeps'
 'Registry' 'Script Logging']",1,0,1,0,0,0,0,0,0,0,0,0,0,0,0,0,0,0,0,0,0,0,1,0,0,0,1,1,0,1,0,0,1,0,0,0,0,"(37,[0,2,22,26,27,29,32],[1.0,1.0,1.0,1.0,1.0,1.0,1.0])",1
97,obfuscated_1129_3042.txt,TRUE,['Starts Process' 'Downloader' 'Known Malware'],1,0,0,0,0,0,0,0,0,0,0,0,0,0,0,1,1,0,0,0,0,0,0,0,1,0,0,0,0,0,0,0,0,0,0,0,0,"(37,[0,15,16,24],[1.0,1.0,1.0,1.0])",1
98,obfuscated_113_1617.txt,TRUE,['Code Injection' 'Sleeps' 'Known Malware'],1,0,1,0,0,0,0,0,0,0,0,0,0,0,0,0,0,0,0,0,0,0,1,0,0,0,0,0,0,0,0,0,0,0,0,0,0,"(37,[0,2,22],[1.0,1.0,1.0])",1
99,obfuscated_115_3348.txt,FALSE,[],0,0,0,0,0,0,0,0,0,0,0,0,0,0,0,0,0,0,0,0,0,0,0,0,0,0,0,0,0,0,0,0,0,0,0,0,0,"(37,[],[])",0
100,obfuscated_1017_2544.txt,TRUE,['Starts Process' 'Downloader' 'Enumeration'],0,0,0,0,0,0,0,0,0,0,0,0,0,0,0,1,1,0,0,0,0,0,0,0,0,0,1,0,0,0,0,0,0,0,0,0,0,"(37,[15,16,26],[1.0,1.0,1.0])",1
101,obfuscated_1019_3968.txt,TRUE,['Code Injection' 'Sleeps' 'Byte Usage' 'Known Malware'],1,0,1,0,0,0,0,0,0,0,0,0,0,0,0,0,0,0,0,0,0,0,1,0,0,0,0,0,0,1,0,0,0,0,0,0,0,"(37,[0,2,22,29],[1.0,1.0,1.0,1.0])",1
102,obfuscated_1043_1457.txt,TRUE,['Code Injection' 'Byte Usage' 'Script Execution' 'Sleeps' 'Registry'],0,0,1,0,0,0,0,0,0,0,0,0,0,0,0,0,0,1,0,0,0,0,1,0,0,0,0,1,0,1,0,0,0,0,0,0,0,"(37,[2,17,22,27,29],[1.0,1.0,1.0,1.0,1.0])",1
103,obfuscated_1048_2741.txt,TRUE,['Starts Process' 'Sleeps' 'Obfuscation' 'Downloader'],0,0,0,0,0,0,0,0,0,0,0,0,0,0,0,1,1,0,0,0,0,0,1,0,1,0,0,0,0,0,0,0,0,0,0,0,0,"(37,[15,16,22,24],[1.0,1.0,1.0,1.0])",1
104,obfuscated_1064_4437.txt,TRUE,['Code Injection' 'Byte Usage' 'Known Malware' 'Sleeps' 'Obfuscation'],1,0,1,0,0,0,0,0,0,0,0,0,0,0,0,0,0,0,0,0,0,0,1,0,1,0,0,0,0,1,0,0,0,0,0,0,0,"(37,[0,2,22,24,29],[1.0,1.0,1.0,1.0,1.0])",1
105,obfuscated_1068_572.txt,TRUE,"['Script Execution' 'Benign_exclude' 'Custom Web Fields' 'Known Malware'
 'Script Logging' 'Downloader']",1,1,0,0,0,0,0,0,0,0,0,0,0,0,0,1,0,1,0,0,1,0,0,0,0,0,0,0,0,0,0,0,1,0,0,0,0,"(37,[0,1,15,17,20,32],[1.0,1.0,1.0,1.0,1.0,1.0])",1
106,obfuscated_1113_3115.txt,TRUE,['Code Injection' 'Sleeps' 'Byte Usage' 'Obfuscation'],0,0,1,0,0,0,0,0,0,0,0,0,0,0,0,0,0,0,0,0,0,0,1,0,1,0,0,0,0,1,0,0,0,0,0,0,0,"(37,[2,22,24,29],[1.0,1.0,1.0,1.0])",1
107,obfuscated_1154_3127.txt,TRUE,['Code Injection' 'Sleeps' 'Byte Usage' 'Known Malware'],1,0,1,0,0,0,0,0,0,0,0,0,0,0,0,0,0,0,0,0,0,0,1,0,0,0,0,0,0,1,0,0,0,0,0,0,0,"(37,[0,2,22,29],[1.0,1.0,1.0,1.0])",1
108,obfuscated_102_2079.txt,TRUE,['Code Injection' 'Known Malware' 'Byte Usage' 'Script Execution' 'Sleeps'],1,0,1,0,0,0,0,0,0,0,0,0,0,0,0,0,0,1,0,0,0,0,1,0,1,0,0,0,0,1,0,0,0,0,0,0,0,"(37,[0,2,17,22,24,29],[1.0,1.0,1.0,1.0,1.0,1.0])",1
109,obfuscated_105_2868.txt,TRUE,['Code Injection' 'Byte Usage' 'Script Execution' 'Sleeps' 'Obfuscation'],0,0,1,0,0,0,0,0,0,0,0,0,0,0,0,0,0,1,0,0,0,0,1,0,1,0,0,0,0,1,0,0,0,0,0,0,0,"(37,[2,17,22,24,29],[1.0,1.0,1.0,1.0,1.0])",1
110,obfuscated_1065_2295.txt,TRUE,['Starts Process' 'Downloader'],0,0,0,0,0,0,0,0,0,0,0,0,0,0,0,1,1,0,0,0,0,0,0,0,0,0,0,0,0,0,0,0,0,0,0,0,0,"(37,[15,16],[1.0,1.0])",1
111,obfuscated_108_4013.txt,TRUE,['Starts Process' 'Downloader'],0,0,0,0,0,0,0,0,0,0,0,0,0,0,0,1,1,0,0,0,0,0,0,0,0,0,0,0,0,0,0,0,0,0,0,0,0,"(37,[15,16],[1.0,1.0])",1
112,obfuscated_1119_3442.txt,TRUE,"['Code Injection' 'Byte Usage' 'Known Malware' 'Sleeps' 'Script Logging'
 'Obfuscation']",1,0,1,0,0,0,0,0,0,0,0,0,0,0,0,0,0,0,0,0,0,0,1,0,1,0,0,0,0,1,0,0,1,0,0,0,0,"(37,[0,2,22,24,29,32],[1.0,1.0,1.0,1.0,1.0,1.0])",1
113,obfuscated_1124_1965.txt,TRUE,['Starts Process' 'Script Logging' 'Script Execution' 'Benign_exclude'],0,1,0,0,0,0,0,0,0,0,0,0,0,0,0,0,1,1,0,0,0,0,0,0,0,0,0,0,0,0,0,0,1,0,0,0,0,"(37,[1,16,17,32],[1.0,1.0,1.0,1.0])",1
114,obfuscated_1152_2030.txt,TRUE,['Code Injection' 'Sleeps' 'Byte Usage' 'Known Malware'],1,0,1,0,0,0,0,0,0,0,0,0,0,0,0,0,0,0,0,0,0,0,1,0,0,0,0,0,0,1,0,0,0,0,0,0,0,"(37,[0,2,22,29],[1.0,1.0,1.0,1.0])",1
115,obfuscated_1034_446.txt,TRUE,['Code Injection' 'Sleeps' 'Byte Usage' 'Obfuscation'],0,0,1,0,0,0,0,0,0,0,0,0,0,0,0,0,0,0,0,0,0,0,1,0,1,0,0,0,0,1,0,0,0,0,0,0,0,"(37,[2,22,24,29],[1.0,1.0,1.0,1.0])",1
116,obfuscated_1039_2209.txt,TRUE,"['Code Injection' 'Byte Usage' 'Known Malware' 'Sleeps' 'Script Logging'
 'Obfuscation']",1,0,1,0,0,0,0,0,0,0,0,0,0,0,0,0,0,0,0,0,0,0,1,0,1,0,0,0,0,1,0,0,1,0,0,0,0,"(37,[0,2,22,24,29,32],[1.0,1.0,1.0,1.0,1.0,1.0])",1
117,obfuscated_1072_3928.txt,TRUE,['Code Injection' 'Sleeps' 'Known Malware' 'Byte Usage'],1,0,1,0,0,0,0,0,0,0,0,0,0,0,0,0,0,0,0,0,0,0,1,0,0,0,0,0,0,1,0,0,0,0,0,0,0,"(37,[0,2,22,29],[1.0,1.0,1.0,1.0])",1
118,obfuscated_1078_4413.txt,TRUE,['Code Injection' 'Sleeps' 'Byte Usage' 'Known Malware'],1,0,1,0,0,0,0,0,0,0,0,0,0,0,0,0,0,0,0,0,0,0,1,0,0,0,0,0,0,1,0,0,0,0,0,0,0,"(37,[0,2,22,29],[1.0,1.0,1.0,1.0])",1
119,obfuscated_107_1585.txt,TRUE,['Starts Process' 'Downloader'],0,0,0,0,0,0,0,0,0,0,0,0,0,0,0,1,1,0,0,0,0,0,0,0,0,0,0,0,0,0,0,0,0,0,0,0,0,"(37,[15,16],[1.0,1.0])",1
120,obfuscated_1076_4024.txt,TRUE,"['Known Malware' 'Obfuscation' 'Benign_exclude' 'Starts Process'
 'Downloader']",1,1,0,0,0,0,0,0,0,0,0,0,0,0,0,1,1,0,0,0,0,0,0,0,1,0,0,0,0,0,0,0,0,0,0,0,0,"(37,[0,1,15,16,24],[1.0,1.0,1.0,1.0,1.0])",1
121,obfuscated_1132_1489.txt,TRUE,['Known Malware' 'Script Logging' 'Downloader'],1,0,0,0,0,0,0,0,0,0,0,0,0,0,0,1,0,0,0,0,0,0,0,0,1,0,0,0,0,0,0,0,1,0,0,0,0,"(37,[0,15,24,32],[1.0,1.0,1.0,1.0])",1
122,obfuscated_1133_2710.txt,TRUE,['Starts Process' 'Obfuscation' 'Downloader'],0,0,0,0,0,0,0,0,0,0,0,0,0,0,0,1,1,0,0,0,0,0,0,0,1,0,0,0,0,0,0,0,0,0,0,0,0,"(37,[15,16,24],[1.0,1.0,1.0])",1
123,obfuscated_1024_908.txt,TRUE,['Code Injection' 'Byte Usage' 'Known Malware' 'Sleeps' 'Obfuscation'],1,0,1,0,0,0,0,0,0,0,0,0,0,0,0,0,0,0,0,0,0,0,1,0,1,0,0,0,0,1,0,0,0,0,0,0,0,"(37,[0,2,22,24,29],[1.0,1.0,1.0,1.0,1.0])",1
124,obfuscated_1035_3700.txt,TRUE,['Custom Web Fields' 'Known Malware' 'Downloader' 'Obfuscation'],1,0,0,0,0,0,0,0,0,0,0,0,0,0,0,1,0,0,0,0,1,0,0,0,1,0,0,0,0,0,0,0,0,0,0,0,0,"(37,[0,15,20,24],[1.0,1.0,1.0,1.0])",1
125,obfuscated_1070_4338.txt,TRUE,['Code Injection' 'Sleeps' 'Byte Usage' 'Known Malware'],1,0,1,0,0,0,0,0,0,0,0,0,0,0,0,0,0,0,0,0,0,0,1,0,0,0,0,0,0,1,0,0,0,0,0,0,0,"(37,[0,2,22,29],[1.0,1.0,1.0,1.0])",1
126,obfuscated_1083_811.txt,TRUE,['Custom Web Fields' 'Script Logging' 'Downloader' 'Obfuscation'],0,0,0,0,0,0,0,0,0,0,0,0,0,0,0,1,0,0,0,0,1,0,0,0,1,0,0,0,0,0,0,0,1,0,0,0,0,"(37,[15,20,24,32],[1.0,1.0,1.0,1.0])",1
127,obfuscated_1092_658.txt,TRUE,['Starts Process' 'Script Execution' 'Downloader'],0,0,0,0,0,0,0,0,0,0,0,0,0,0,0,1,1,1,0,0,0,0,0,0,0,0,0,0,0,0,0,0,0,0,0,0,0,"(37,[15,16,17],[1.0,1.0,1.0])",1
128,obfuscated_1010_6.txt,TRUE,"['Code Injection' 'Known Malware' 'Byte Usage' 'Script Execution'
 'Starts Process' 'Hidden Window' 'Compression' 'Enumeration'
 'Script Logging' 'Negative Context']",1,0,1,0,0,0,0,0,0,0,0,0,0,0,1,0,1,1,1,1,0,0,0,0,1,0,1,0,0,1,0,0,1,0,0,0,0,"(37,[0,2,14,16,17,18,19,24,26,29,32],[1.0,1.0,1.0,1.0,1.0,1.0,1.0,1.0,1.0,1.0,1.0])",1
129,obfuscated_1090_1226.txt,TRUE,['Starts Process' 'Downloader' 'Known Malware'],1,0,0,0,0,0,0,0,0,0,0,0,0,0,0,1,1,0,0,0,0,0,0,0,1,0,0,0,0,0,0,0,0,0,0,0,0,"(37,[0,15,16,24],[1.0,1.0,1.0,1.0])",1
130,obfuscated_1098_3304.txt,TRUE,['Code Injection' 'Sleeps' 'Byte Usage' 'Known Malware'],1,0,1,0,0,0,0,0,0,0,0,0,0,0,0,0,0,0,0,0,0,0,1,0,0,0,0,0,0,1,0,0,0,0,0,0,0,"(37,[0,2,22,29],[1.0,1.0,1.0,1.0])",1
131,obfuscated_1121_2681.txt,TRUE,['Starts Process' 'Script Logging' 'Downloader'],0,0,0,0,0,0,0,0,0,0,0,0,0,0,0,1,1,0,0,0,0,0,0,0,0,0,0,0,0,0,0,0,1,0,0,0,0,"(37,[15,16,32],[1.0,1.0,1.0])",1
132,obfuscated_1145_173.txt,TRUE,['Starts Process' 'Downloader'],0,0,0,0,0,0,0,0,0,0,0,0,0,0,0,1,1,0,0,0,0,0,0,0,0,0,0,0,0,0,0,0,0,0,0,0,0,"(37,[15,16],[1.0,1.0])",1
133,obfuscated_1059_2816.txt,TRUE,['Code Injection' 'Byte Usage' 'Known Malware' 'Sleeps' 'Obfuscation'],1,0,1,0,0,0,0,0,0,0,0,0,0,0,0,0,0,0,0,0,0,0,1,0,1,0,0,0,0,1,0,0,0,0,0,0,0,"(37,[0,2,22,24,29],[1.0,1.0,1.0,1.0,1.0])",1
134,obfuscated_1091_666.txt,TRUE,['Starts Process' 'Downloader'],0,0,0,0,0,0,0,0,0,0,0,0,0,0,0,1,1,0,0,0,0,0,0,0,0,0,0,0,0,0,0,0,0,0,0,0,0,"(37,[15,16],[1.0,1.0])",1
135,obfuscated_1114_2807.txt,TRUE,['Starts Process' 'Downloader'],0,0,0,0,0,0,0,0,0,0,0,0,0,0,0,1,1,0,0,0,0,0,0,0,0,0,0,0,0,0,0,0,0,0,0,0,0,"(37,[15,16],[1.0,1.0])",1
136,obfuscated_1158_3774.txt,TRUE,['Code Injection' 'Sleeps' 'Byte Usage' 'Obfuscation'],0,0,1,0,0,0,0,0,0,0,0,0,0,0,0,0,0,0,0,0,0,0,1,0,1,0,0,0,0,1,0,0,0,0,0,0,0,"(37,[2,22,24,29],[1.0,1.0,1.0,1.0])",1
137,obfuscated_1084_2266.txt,TRUE,"['Code Injection' 'Byte Usage' 'Known Malware' 'Sleeps' 'Script Logging'
 'Obfuscation']",1,0,1,0,0,0,0,0,0,0,0,0,0,0,0,0,0,0,0,0,0,0,1,0,1,0,0,0,0,1,0,0,1,0,0,0,0,"(37,[0,2,22,24,29,32],[1.0,1.0,1.0,1.0,1.0,1.0])",1
138,obfuscated_1127_3499.txt,TRUE,['Code Injection' 'Sleeps' 'Byte Usage' 'Known Malware'],1,0,1,0,0,0,0,0,0,0,0,0,0,0,0,0,0,0,0,0,0,0,1,0,0,0,0,0,0,1,0,0,0,0,0,0,0,"(37,[0,2,22,29],[1.0,1.0,1.0,1.0])",1
139,obfuscated_1057_218.txt,TRUE,['Starts Process' 'Script Logging' 'Downloader'],0,0,0,0,0,0,0,0,0,0,0,0,0,0,0,1,1,0,0,0,0,0,0,0,0,0,0,0,0,0,0,0,1,0,0,0,0,"(37,[15,16,32],[1.0,1.0,1.0])",1
140,obfuscated_1071_2428.txt,TRUE,"['Code Injection' 'Byte Usage' 'Script Execution' 'Known Malware'
 'Custom Web Fields' 'Sleeps']",1,0,1,0,0,0,0,0,0,0,0,0,0,0,0,0,0,1,0,0,1,0,1,0,0,0,0,0,0,1,0,0,0,0,0,0,0,"(37,[0,2,17,20,22,29],[1.0,1.0,1.0,1.0,1.0,1.0])",1
141,obfuscated_1073_1858.txt,TRUE,"['Script Execution' 'Starts Process' 'Sleeps' 'Script Logging'
 'Downloader']",0,0,0,0,0,0,0,0,0,0,0,0,0,0,0,1,1,1,0,0,0,0,1,0,0,0,0,0,0,0,0,0,1,0,0,0,0,"(37,[15,16,17,22,32],[1.0,1.0,1.0,1.0,1.0])",1
142,obfuscated_1030_1667.txt,TRUE,['Code Injection' 'Byte Usage' 'Known Malware' 'Sleeps' 'Obfuscation'],1,0,1,0,0,0,0,0,0,0,0,0,0,0,0,0,0,0,0,0,0,0,1,0,1,0,0,0,0,1,0,0,0,0,0,0,0,"(37,[0,2,22,24,29],[1.0,1.0,1.0,1.0,1.0])",1
143,obfuscated_1050_2216.txt,TRUE,['Starts Process' 'Script Logging' 'Downloader'],0,0,0,0,0,0,0,0,0,0,0,0,0,0,0,1,1,0,0,0,0,0,0,0,0,0,0,0,0,0,0,0,1,0,0,0,0,"(37,[15,16,32],[1.0,1.0,1.0])",1
144,obfuscated_1082_822.txt,TRUE,['Starts Process' 'Script Logging' 'Downloader'],0,0,0,0,0,0,0,0,0,0,0,0,0,0,0,1,1,0,0,0,0,0,0,0,0,0,0,0,0,0,0,0,1,0,0,0,0,"(37,[15,16,32],[1.0,1.0,1.0])",1
145,obfuscated_1135_1147.txt,TRUE,['Code Injection' 'Known Malware' 'Byte Usage' 'Sleeps' 'Obfuscation'],1,0,1,0,0,0,0,0,0,0,0,0,0,0,0,0,0,0,0,0,0,0,1,0,1,0,0,0,0,1,0,0,0,0,0,0,0,"(37,[0,2,22,24,29],[1.0,1.0,1.0,1.0,1.0])",1
146,obfuscated_1153_203.txt,TRUE,['Code Injection' 'Sleeps' 'Known Malware' 'Byte Usage'],1,0,1,0,0,0,0,0,0,0,0,0,0,0,0,0,0,0,0,0,0,0,1,0,0,0,0,0,0,1,0,0,0,0,0,0,0,"(37,[0,2,22,29],[1.0,1.0,1.0,1.0])",1
147,obfuscated_1028_519.txt,TRUE,['Code Injection' 'Sleeps' 'Byte Usage' 'Known Malware'],1,0,1,0,0,0,0,0,0,0,0,0,0,0,0,0,0,0,0,0,0,0,1,0,0,0,0,0,0,1,0,0,0,0,0,0,0,"(37,[0,2,22,29],[1.0,1.0,1.0,1.0])",1
148,obfuscated_1056_99.txt,TRUE,"['Code Injection' 'Obfuscation' 'Byte Usage' 'Known Malware' 'Enumeration'
 'Sleeps' 'Script Logging']",1,0,1,0,0,0,0,0,0,0,0,0,0,0,0,0,0,0,0,0,0,0,1,0,1,0,1,0,0,1,0,0,1,0,0,0,0,"(37,[0,2,22,24,26,29,32],[1.0,1.0,1.0,1.0,1.0,1.0,1.0])",1
149,obfuscated_1146_3701.txt,TRUE,['Starts Process' 'Sleeps' 'Script Logging' 'Downloader'],0,0,0,0,0,0,0,0,0,0,0,0,0,0,0,1,1,0,0,0,0,0,1,0,0,0,0,0,0,0,0,0,1,0,0,0,0,"(37,[15,16,22,32],[1.0,1.0,1.0,1.0])",1
150,obfuscated_1036_3177.txt,TRUE,['Starts Process' 'Downloader' 'Enumeration'],0,0,0,0,0,0,0,0,0,0,0,0,0,0,0,1,1,0,0,0,0,0,0,0,0,0,1,0,0,0,0,0,0,0,0,0,0,"(37,[15,16,26],[1.0,1.0,1.0])",1
151,obfuscated_1044_3041.txt,TRUE,['Code Injection' 'Sleeps' 'Byte Usage' 'Obfuscation'],0,0,1,0,0,0,0,0,0,0,0,0,0,0,0,0,0,0,0,0,0,0,1,0,1,0,0,0,0,1,0,0,0,0,0,0,0,"(37,[2,22,24,29],[1.0,1.0,1.0,1.0])",1
152,obfuscated_1069_4.txt,TRUE,"['Code Injection' 'Byte Usage' 'Enumeration' 'Sleeps' 'Known Malware'
 'Script Logging']",1,0,1,0,0,0,0,0,0,0,0,0,0,0,0,0,0,0,0,0,0,0,1,0,0,0,1,0,0,1,0,0,1,0,0,0,0,"(37,[0,2,22,26,29,32],[1.0,1.0,1.0,1.0,1.0,1.0])",1
153,obfuscated_1095_3192.txt,TRUE,['Code Injection' 'Byte Usage' 'Script Execution' 'Sleeps' 'Known Malware'],1,0,1,0,0,0,0,0,0,0,0,0,0,0,0,0,0,1,0,0,0,0,1,0,0,0,0,0,0,1,0,0,0,0,0,0,0,"(37,[0,2,17,22,29],[1.0,1.0,1.0,1.0,1.0])",1
154,obfuscated_1100_1914.txt,TRUE,['Starts Process' 'Downloader'],0,0,0,0,0,0,0,0,0,0,0,0,0,0,0,1,1,0,0,0,0,0,0,0,0,0,0,0,0,0,0,0,0,0,0,0,0,"(37,[15,16],[1.0,1.0])",1
155,obfuscated_1029_3227.txt,TRUE,['Starts Process' 'Script Logging' 'Obfuscation' 'Downloader'],0,0,0,0,0,0,0,0,0,0,0,0,0,0,0,1,1,0,0,0,0,0,0,0,1,0,0,0,0,0,0,0,1,0,0,0,0,"(37,[15,16,24,32],[1.0,1.0,1.0,1.0])",1
156,obfuscated_1111_4449.txt,TRUE,['Starts Process' 'Script Logging' 'Downloader'],0,0,0,0,0,0,0,0,0,0,0,0,0,0,0,1,1,0,0,0,0,0,0,0,0,0,0,0,0,0,0,0,1,0,0,0,0,"(37,[15,16,32],[1.0,1.0,1.0])",1
157,obfuscated_1149_3603.txt,TRUE,"['Known Malware' 'Starts Process' 'Enumeration' 'Sleeps' 'Script Logging'
 'Downloader']",1,0,0,0,0,0,0,0,0,0,0,0,0,0,0,1,1,0,0,0,0,0,1,0,1,0,1,0,0,0,0,0,1,0,0,0,0,"(37,[0,15,16,22,24,26,32],[1.0,1.0,1.0,1.0,1.0,1.0,1.0])",1
158,obfuscated_1027_1932.txt,TRUE,['Starts Process' 'Downloader' 'Known Malware'],1,0,0,0,0,0,0,0,0,0,0,0,0,0,0,1,1,0,0,0,0,0,0,0,1,0,0,0,0,0,0,0,0,0,0,0,0,"(37,[0,15,16,24],[1.0,1.0,1.0,1.0])",1
159,obfuscated_1031_1399.txt,TRUE,"['Code Injection' 'Byte Usage' 'Known Malware' 'Sleeps' 'Script Logging'
 'Obfuscation']",1,0,1,0,0,0,0,0,0,0,0,0,0,0,0,0,0,0,0,0,0,0,1,0,1,0,0,0,0,1,0,0,1,0,0,0,0,"(37,[0,2,22,24,29,32],[1.0,1.0,1.0,1.0,1.0,1.0])",1
160,obfuscated_1116_2445.txt,TRUE,['Custom Web Fields' 'Known Malware' 'Downloader'],1,0,0,0,0,0,0,0,0,0,0,0,0,0,0,1,0,0,0,0,1,0,0,0,0,0,0,0,0,0,0,0,0,0,0,0,0,"(37,[0,15,20],[1.0,1.0,1.0])",1
161,obfuscated_1142_3181.txt,TRUE,['Starts Process' 'Downloader'],0,0,0,0,0,0,0,0,0,0,0,0,0,0,0,1,1,0,0,0,0,0,0,0,0,0,0,0,0,0,0,0,0,0,0,0,0,"(37,[15,16],[1.0,1.0])",1
162,obfuscated_1148_3909.txt,TRUE,['Code Injection' 'Byte Usage' 'Script Execution' 'Known Malware' 'Sleeps'],1,0,1,0,0,0,0,0,0,0,0,0,0,0,0,0,0,1,0,0,0,0,1,0,0,0,0,0,0,1,0,0,0,0,0,0,0,"(37,[0,2,17,22,29],[1.0,1.0,1.0,1.0,1.0])",1
163,obfuscated_114_3414.txt,FALSE,['One Liner'],0,0,0,0,0,0,0,0,0,0,0,0,0,0,0,0,0,0,0,0,0,0,0,0,0,0,0,0,0,0,0,0,0,0,0,0,0,"(37,[],[])",0